{"cameraMode":{"drawMode":0,"name":"Shaded","section":"Shading Mode"},"sceneLighting":true,"audioPlay":false,"sceneViewState":{"showFog":true,"showMaterialUpdate":false,"showSkybox":true,"showFlares":true,"showImageEffects":true,"showParticleSystems":true},"in2DMode":false,"pivot":{"x":0.41136279702186587,"y":0.5,"z":-4.393799304962158},"rotation":{"x":-0.4981186091899872,"y":-0.22906748950481416,"z":0.13834254443645478,"w":-0.8247840404510498},"size":27.18161392211914,"orthographic":false}